{"stat.chestOpened":22,"stat.beaconInteraction":1,"stat.pickup.minecraft.wooden_slab":4,"stat.pickup.minecraft.sign":21,"stat.pickup.minecraft.bookshelf":12,"stat.leaveGame":2,"stat.useItem.minecraft.beacon":2,"stat.useItem.minecraft.bookshelf":105,"stat.useItem.minecraft.ender_chest":7,"stat.jump":438,"stat.swimOneCm":4124,"stat.useItem.minecraft.sand":3,"stat.useItem.minecraft.planks":14,"stat.climbOneCm":6542,"stat.pickup.minecraft.carrot":3,"stat.useItem.minecraft.trapped_chest":3,"stat.crouchOneCm":17374,"stat.pickup.minecraft.glass":3,"stat.enderchestOpened":5,"stat.useItem.minecraft.dirt":98,"stat.pickup.minecraft.ender_chest":1,"achievement.exploreAllBiomes":{"value":0,"progress":["Plains"]},"stat.useItem.minecraft.water_bucket":8,"stat.craftingTableInteraction":1,"stat.useItem.minecraft.diamond_hoe":50,"stat.useItem.minecraft.glass":7,"stat.useItem.minecraft.sapling":1,"stat.useItem.minecraft.redstone_lamp":25,"stat.pickup.minecraft.anvil":1,"stat.useItem.minecraft.furnace":9,"stat.useItem.minecraft.reeds":2,"stat.pickup.minecraft.cobblestone":64,"stat.pickup.minecraft.dye":61,"stat.useItem.minecraft.anvil":6,"stat.flyOneCm":348829,"stat.pickup.minecraft.bed":3,"stat.useItem.minecraft.enchanting_table":7,"stat.damageDealt":5,"stat.sleepInBed":1,"stat.timeSinceDeath":77496,"stat.useItem.minecraft.sign":30,"stat.useItem.minecraft.crafting_table":5,"stat.drop.minecraft.log":1,"stat.useItem.minecraft.spawn_egg":362,"stat.useItem.minecraft.wooden_slab":98,"stat.useItem.minecraft.command_block":3,"stat.walkOneCm":149367,"stat.pickup.minecraft.armor_stand":1,"stat.useItem.minecraft.torch":103,"stat.pickup.minecraft.brewing_stand":1,"stat.trappedChestTriggered":3,"stat.useItem.minecraft.chest":43,"stat.useItem.minecraft.lever":13,"stat.useItem.minecraft.potato":7,"stat.pickup.minecraft.dark_oak_door":3,"stat.useItem.minecraft.log":67,"stat.useItem.minecraft.cobblestone":4,"stat.furnaceInteraction":1,"stat.pickup.minecraft.redstone_lamp":9,"stat.useItem.minecraft.pumpkin_seeds":2,"stat.useItem.minecraft.armor_stand":4,"stat.pickup.minecraft.redstone_block":1,"stat.pickup.minecraft.log":20,"stat.useItem.minecraft.redstone_block":4,"stat.pickup.minecraft.furnace":2,"achievement.mineWood":2,"stat.useItem.minecraft.trapdoor":6,"stat.sprintOneCm":41178,"stat.useItem.minecraft.dark_oak_door":5,"stat.useItem.minecraft.bed":8,"achievement.openInventory":164,"stat.useItem.minecraft.wheat_seeds":4,"stat.useItem.minecraft.iron_block":24,"stat.useItem.minecraft.carrot":9,"stat.pickup.minecraft.diamond_chestplate":2,"stat.useItem.minecraft.dye":42,"stat.pickup.minecraft.lever":1,"stat.drop":1,"stat.playOneMinute":77496,"stat.pickup.minecraft.torch":2,"stat.useItem.minecraft.ladder":7,"stat.pickup.minecraft.slime_ball":14,"stat.sneakTime":8303,"stat.pickup.minecraft.iron_block":9,"stat.useItem.minecraft.melon_seeds":2,"stat.pickup.minecraft.beacon":1,"stat.useItem.minecraft.brewing_stand":4,"stat.diveOneCm":18423,"stat.pickup.minecraft.chest":6}